id, ai, deck, score, time, first
bcbbc9bc2cd7369f, intentional, 3, 18, 1493068509.44, yes
19dbddedf07994e2, full, 9813, 5, 1493068508.26, no
1593ac699e340f60, full, 6156, 21, 1493068507.16, no
92859eb517ad4608, intentional, 5952, 19, 1493068507.72, no
2119fe68a204e42a, full, 7695, 9, 1493068508.19, no
19dbddedf07994e2, full, 5094, 22, 1493068509.89, no
19dbddedf07994e2, full, 22, 5, 1493068509.84, no
19dbddedf07994e2, full, 5634, 6, 1493068509.62, no
cfae3ca2f65f0b94, full, 1335, 5, 1493068506.82, no
19dbddedf07994e2, full, 3061, 9, 1493068510.2, no
5d82cb8a155dbd34, outer, 3125, 2, 1493068507.16, no
cfae3ca2f65f0b94, intentional, 2436, 17, 1493068507.52, no
cfae3ca2f65f0b94, intentional, 445, 17, 1493068508.2, no
f10ef47e05746467, intentional, 9430, 12, 1493068510.09, no
2119fe68a204e42a, outer, 5326, 2, 1493068506.63, no
19dbddedf07994e2, intentional, 311, 19, 1493068506.64, no
19dbddedf07994e2, outer, 7906, 1, 1493068509.11, no
2119fe68a204e42a, intentional, 6053, 21, 1493068507.1, no
e9402a9ba7d42b70, intentional, 9200, 15, 1493068508.53, no
19dbddedf07994e2, full, 830, 14, 1493068508.64, no
609a6b966c25b4d1, intentional, 9320, 20, 1493068510.17, no
19dbddedf07994e2, full, 6299, 8, 1493068508.31, no
19dbddedf07994e2, full, 6386, 20, 1493068509.4, no
5d82cb8a155dbd34, outer, 8063, 7, 1493068510.35, no
19dbddedf07994e2, outer, 8864, 7, 1493068508.98, no
19dbddedf07994e2, intentional, 4271, 3, 1493068509.92, no
5d82cb8a155dbd34, full, 1253, 19, 1493068509.9, no
befac2ddbf9df4dd, outer, 9234, 11, 1493068509.79, no
19dbddedf07994e2, intentional, 5380, 17, 1493068506.91, no
8a6febcf85c544d4, full, 9910, 9, 1493068509.53, no
19dbddedf07994e2, outer, 5732, 5, 1493068508.85, no
19dbddedf07994e2, outer, 6247, 7, 1493068507.11, no
80b582ddeb40b2ce, outer, 184, 2, 1493068508.44, no
19dbddedf07994e2, intentional, 2102, 5, 1493068508.57, no
77b66a0509916d51, intentional, 2, 16, 1493068508.38, yes
4884f857be239a22, full, 8006, 5, 1493068509.41, no
19dbddedf07994e2, intentional, 5103, 15, 1493068506.53, no
e55525e0b2004294, outer, 1355, 13, 1493068509.01, no
19dbddedf07994e2, full, 1711, 7, 1493068509.33, no
2119fe68a204e42a, full, 6225, 4, 1493068507.66, no
2af874d749a75ec8, outer, 4310, 13, 1493068509.33, no
0313454f0e513527, intentional, 6964, 2, 1493068510.13, no
5d82cb8a155dbd34, outer, 7906, 2, 1493068509.55, no
1813592b65bc5438, full, 1, 9, 1493068506.84, yes
b61b6ba65fc547f3, full, 9305, 22, 1493068509.67, no
5d82cb8a155dbd34, full, 6942, 21, 1493068510.17, no
19dbddedf07994e2, intentional, 7985, 6, 1493068510.44, no
19dbddedf07994e2, intentional, 7179, 17, 1493068508.24, no
19dbddedf07994e2, outer, 8871, 16, 1493068507.77, no
19dbddedf07994e2, intentional, 5123, 11, 1493068506.55, no
c6bd40b0a7053499, intentional, 5895, 16, 1493068506.48, no
19dbddedf07994e2, outer, 4203, 1, 1493068508.67, no
19dbddedf07994e2, outer, 21, 7, 1493068508.01, no
19dbddedf07994e2, outer, 1269, 8, 1493068507.08, no
19dbddedf07994e2, full, 9202, 7, 1493068506.71, no
0313454f0e513527, full, 3094, 12, 1493068506.5, no
19dbddedf07994e2, intentional, 3734, 15, 1493068509.46, no
19dbddedf07994e2, outer, 114, 7, 1493068509.29, no
ae75dd4c2c8dc843, intentional, 3896, 7, 1493068509.49, no
b2855bce0b5908c6, intentional, 8756, 10, 1493068509.55, no
5d82cb8a155dbd34, outer, 9495, 6, 1493068507.08, no
8ccaf453a0801482, intentional, 3, 15, 1493068508.72, yes
19dbddedf07994e2, outer, 4347, 10, 1493068507.62, no
74429056aeea0370, outer, 3, 6, 1493068508.33, yes
19dbddedf07994e2, full, 7242, 7, 1493068508.49, no
e55525e0b2004294, outer, 2379, 13, 1493068506.61, no
4884f857be239a22, outer, 6562, 19, 1493068506.77, no
19dbddedf07994e2, intentional, 3065, 1, 1493068510.36, no
d2f1c88c0be4a19b, intentional, 3957, 16, 1493068509.43, no
e5bf83d96f9751cf, outer, 1613, 5, 1493068509.75, no
19dbddedf07994e2, intentional, 3846, 3, 1493068509.02, no
2119fe68a204e42a, full, 5325, 20, 1493068508.7, no
19dbddedf07994e2, full, 3816, 9, 1493068508.12, no
19dbddedf07994e2, full, 2503, 16, 1493068506.84, no
a23bfbc1788ea3a2, outer, 1, 9, 1493068509.07, yes
80b582ddeb40b2ce, intentional, 1, 18, 1493068508.52, yes
2c99b217faca51f8, intentional, 3051, 15, 1493068506.75, no
19dbddedf07994e2, intentional, 2920, 6, 1493068507.14, no
19dbddedf07994e2, intentional, 5773, 14, 1493068510.16, no
5f60b9ee05cf73cc, intentional, 4822, 10, 1493068509.82, no
19dbddedf07994e2, full, 2151, 19, 1493068510.21, no
19dbddedf07994e2, full, 8264, 14, 1493068507.29, no
2119fe68a204e42a, full, 3828, 23, 1493068509.44, no
19dbddedf07994e2, outer, 6335, 2, 1493068509.58, no
e3f99bfa4535678e, full, 7236, 4, 1493068509.74, no
7d60c2f6cdea2895, intentional, 621, 18, 1493068509.97, no
4884f857be239a22, full, 8333, 11, 1493068507.59, no
5d82cb8a155dbd34, outer, 3043, 13, 1493068508.84, no
19dbddedf07994e2, outer, 6335, 2, 1493068508.88, no
19dbddedf07994e2, intentional, 9521, 19, 1493068506.63, no
594a2daf965aa5ca, outer, 5758, 13, 1493068506.83, no
2c99b217faca51f8, full, 8679, 12, 1493068509.51, no
1d9428fe2df1528d, outer, 3, 5, 1493068506.97, yes
e55525e0b2004294, full, 2812, 14, 1493068508.15, no
19dbddedf07994e2, intentional, 1, 6, 1490132935.0, no
f10ef47e05746467, full, 2686, 11, 1493068508.32, no
8fef31f6e130d228, outer, 3341, 19, 1493068507.01, no
19dbddedf07994e2, outer, 6692, 9, 1493068506.74, no
19dbddedf07994e2, outer, 5909, 7, 1493068507.33, no
4884f857be239a22, full, 8196, 21, 1493068508.08, no
19dbddedf07994e2, full, 348, 20, 1493068509.8, no
1d3487df6761d44e, outer, 4, 16, 1493068506.96, yes
d32d69e3457e91ea, intentional, 254, 12, 1493068507.39, no
9a0bd50e414b077d, outer, 4699, 17, 1493068510.08, no
19dbddedf07994e2, outer, 4592, 3, 1493068508.14, no
46e8a5186d238bc1, full, 34, 14, 1493068509.61, no
19dbddedf07994e2, outer, 2888, 10, 1493068507.43, no
19dbddedf07994e2, outer, 5365, 6, 1493068507.72, no
2119fe68a204e42a, full, 5815, 13, 1493068508.34, no
437e93c5fb55d0b9, intentional, 4, 19, 1493068507.58, yes
19dbddedf07994e2, outer, 852, 15, 1493068508.43, no
80b582ddeb40b2ce, full, 2906, 8, 1493068508.54, no
19dbddedf07994e2, outer, 3353, 0, 1493068507.27, no
19dbddedf07994e2, full, 7326, 9, 1493068510.37, no
23062825a1bc28fc, full, 1598, 22, 1493068509.11, no
7a483b4fbdf50717, full, 110, 2, 1493068509.55, no
2d784fe60bc13843, intentional, 9502, 18, 1493068507.09, no
cc9f58c126cc648e, full, 3575, 11, 1493068507.49, no
0313454f0e513527, outer, 2, 7, 1493068506.51, yes
b42f6b3c826e14ff, intentional, 3649, 10, 1493068506.83, no
19dbddedf07994e2, intentional, 8993, 15, 1493068507.57, no
e55525e0b2004294, intentional, 5, 19, 1493068510.0, yes
4884f857be239a22, outer, 1871, 13, 1493068510.18, no
d2f1c88c0be4a19b, intentional, 4, 13, 1493068509.72, yes
19dbddedf07994e2, full, 3, 19, 1489917752.0, no
19dbddedf07994e2, full, 2180, 0, 1493068509.59, no
19dbddedf07994e2, outer, 121, 6, 1493068506.86, no
19dbddedf07994e2, outer, 1280, 5, 1493068508.79, no
4884f857be239a22, intentional, 6602, 14, 1493068509.91, no
9a0bd50e414b077d, full, 3, 5, 1493068508.96, yes
19dbddedf07994e2, outer, 6659, 7, 1493068509.21, no
5d82cb8a155dbd34, full, 8410, 7, 1493068507.34, no
19dbddedf07994e2, intentional, 2301, 18, 1493068509.03, no
4dacd064a3248f0e, outer, 3712, 0, 1493068507.43, no
19dbddedf07994e2, outer, 5411, 9, 1493068509.49, no
e55525e0b2004294, intentional, 934, 21, 1493068508.43, no
19dbddedf07994e2, full, 4661, 16, 1493068508.69, no
19dbddedf07994e2, intentional, 3089, 6, 1493068508.49, no
19dbddedf07994e2, outer, 4786, 3, 1493068506.69, no
6ccededecee01838, outer, 4454, 8, 1493068506.7, no
4884f857be239a22, outer, 269, 6, 1493068508.85, no
e55525e0b2004294, full, 8949, 20, 1493068509.06, no
7f6593400354747f, intentional, 678, 15, 1493068510.24, no
fcb0678812970909, outer, 1, 16, 1493068510.38, yes
19dbddedf07994e2, outer, 5453, 1, 1493068506.58, no
19dbddedf07994e2, full, 2347, 16, 1493068510.31, no
19dbddedf07994e2, intentional, 2055, 21, 1493068507.8, no
d2f1c88c0be4a19b, outer, 3132, 8, 1493068508.08, no
19dbddedf07994e2, intentional, 7622, 17, 1493068507.7, no
4884f857be239a22, full, 4976, 10, 1493068506.64, no
19dbddedf07994e2, outer, 1177, 13, 1493068509.57, no
5cf5c2ba02ee6bb5, full, 5, 11, 1493068507.98, yes
2119fe68a204e42a, full, 9482, 17, 1493068507.22, no
9b19bf2e8fb8e2f1, outer, 4702, 13, 1493068510.33, no
5fac4eb85b807c41, intentional, 5, 13, 1493068508.03, yes
80b582ddeb40b2ce, intentional, 1026, 14, 1493068509.73, no
cf2a5d42843b7397, full, 5798, 11, 1493068509.55, no
da1b2cc86155f95b, full, 8323, 3, 1493068507.29, no
2e6f0ef07649dff2, outer, 1, 13, 1493068507.26, yes
c44580091c0ad5ad, full, 953, 20, 1493068509.61, no
7f6593400354747f, full, 1, 14, 1493068508.5, yes
0313454f0e513527, intentional, 2521, 7, 1493068507.54, no
b2855bce0b5908c6, full, 7141, 17, 1493068508.81, no
7d6a88e8113679a3, full, 1990, 9, 1493068508.12, no
e9402a9ba7d42b70, full, 2540, 19, 1493068507.19, no
a9dac7f44bb4198f, outer, 9709, 6, 1493068508.31, no
2af874d749a75ec8, outer, 3, 5, 1493068507.18, yes
19dbddedf07994e2, outer, 995, 4, 1493068507.3, no
19dbddedf07994e2, full, 80, 14, 1493068509.05, no
2119fe68a204e42a, outer, 242, 1, 1493068508.68, no
19dbddedf07994e2, full, 6078, 16, 1493068508.74, no
d2f1c88c0be4a19b, intentional, 9436, 12, 1493068508.43, no
19dbddedf07994e2, intentional, 3, 16, 1489826731.0, no
19dbddedf07994e2, full, 1007, 9, 1493068506.61, no
19dbddedf07994e2, intentional, 3257, 11, 1493068507.25, no
19dbddedf07994e2, outer, 6068, 7, 1493068510.41, no
cc9f58c126cc648e, full, 4250, 8, 1493068506.92, no
2d784fe60bc13843, outer, 5093, 4, 1493068508.14, no
9abbfce66b016fef, outer, 4, 18, 1493068508.97, yes
768862e11a280fd0, intentional, 323, 18, 1493068510.18, no
ea31d3dfe650517d, outer, 4, 10, 1493068510.14, yes
f3aabac4ab33a2ef, full, 5, 3, 1493068510.27, yes
e55525e0b2004294, intentional, 2128, 19, 1493068508.86, no
3c9aaeb0d04b438d, outer, 1, 10, 1493068507.5, yes
5f60b9ee05cf73cc, intentional, 5656, 17, 1493068508.19, no
19dbddedf07994e2, full, 5981, 8, 1493068509.87, no
fcb0678812970909, full, 7198, 2, 1493068508.05, no
bee42cbbcf5755e4, outer, 5, 4, 1493068509.48, yes
5d82cb8a155dbd34, full, 5, 21, 1493068507.99, yes
19dbddedf07994e2, outer, 8232, 6, 1493068506.75, no
e55525e0b2004294, outer, 4067, 19, 1493068508.09, no
46d350a033c35853, outer, 7270, 7, 1493068509.88, no
5a86ce944e7078c1, intentional, 8403, 16, 1493068509.82, no
19dbddedf07994e2, full, 3945, 17, 1493068509.74, no
7c410fab0792a1a6, full, 3453, 18, 1493068508.02, no
19dbddedf07994e2, outer, 1114, 7, 1493068507.17, no
19dbddedf07994e2, intentional, 5971, 4, 1493068508.37, no
b0241aa48c88bd1b, full, 3, 11, 1493068509.23, yes
768862e11a280fd0, intentional, 1664, 15, 1493068507.98, no
83f14b7437375831, intentional, 2731, 12, 1493068507.39, no
2af874d749a75ec8, intentional, 9901, 11, 1493068508.94, no
0b1a2a0acb3dbf7d, outer, 4, 16, 1493068506.66, yes
19dbddedf07994e2, full, 1700, 22, 1493068508.16, no
19dbddedf07994e2, intentional, 6305, 5, 1493068507.92, no
19dbddedf07994e2, outer, 6128, 8, 1493068509.08, no
8a6febcf85c544d4, outer, 8115, 4, 1493068509.18, no
ae75dd4c2c8dc843, full, 7404, 8, 1493068508.22, no
70365808c334216b, full, 7851, 20, 1493068507.49, no
b42f6b3c826e14ff, outer, 3, 5, 1493068509.31, yes
cac4664e95e21547, intentional, 6760, 18, 1493068509.01, no
f17c71b6d21b5f4f, intentional, 5, 5, 1493068510.24, yes
da31e902dead47e8, intentional, 5, 15, 1493068509.83, yes
b0241aa48c88bd1b, outer, 8633, 11, 1493068506.52, no
19dbddedf07994e2, full, 6573, 17, 1493068507.27, no
1593ac699e340f60, intentional, 2, 16, 1493068506.8, yes
19dbddedf07994e2, outer, 7665, 4, 1493068509.92, no
19dbddedf07994e2, intentional, 7389, 6, 1493068509.15, no
23062825a1bc28fc, intentional, 1882, 21, 1493068508.7, no
7a483b4fbdf50717, outer, 4622, 15, 1493068510.38, no
92859eb517ad4608, intentional, 616, 20, 1493068506.92, no
befac2ddbf9df4dd, full, 1, 19, 1493068509.49, yes
9e777a71681dfa82, intentional, 2387, 14, 1493068509.54, no
5d82cb8a155dbd34, full, 4226, 15, 1493068506.8, no
19dbddedf07994e2, full, 9448, 5, 1493068509.7, no
ecf029ec946c0efa, intentional, 1, 14, 1493068510.18, yes
768862e11a280fd0, full, 1356, 19, 1493068506.96, no
19dbddedf07994e2, outer, 6606, 6, 1493068506.66, no
5d82cb8a155dbd34, outer, 3077, 9, 1493068508.93, no
19dbddedf07994e2, full, 5732, 10, 1493068507.15, no
19dbddedf07994e2, outer, 5471, 14, 1493068509.1, no
4f61478ff21223b0, outer, 682, 6, 1493068508.7, no
19dbddedf07994e2, intentional, 3787, 15, 1493068509.89, no
19dbddedf07994e2, intentional, 688, 12, 1493068509.76, no
5f60b9ee05cf73cc, full, 4914, 20, 1493068507.5, no
ebcd1390ce4a6193, intentional, 6912, 17, 1493068509.75, no
d942921e8c763b47, outer, 5, 15, 1493068509.81, yes
19dbddedf07994e2, intentional, 6555, 3, 1493068509.41, no
19dbddedf07994e2, outer, 7524, 20, 1493068507.07, no
5d82cb8a155dbd34, full, 2531, 14, 1493068507.48, no
f10ef47e05746467, full, 4254, 15, 1493068507.2, no
b42f6b3c826e14ff, intentional, 8856, 16, 1493068508.6, no
19dbddedf07994e2, full, 7253, 16, 1493068510.1, no
19dbddedf07994e2, intentional, 3719, 16, 1493068507.65, no
da1b2cc86155f95b, full, 1029, 10, 1493068509.11, no
19dbddedf07994e2, intentional, 2106, 20, 1493068508.75, no
19dbddedf07994e2, intentional, 7023, 2, 1493068508.92, no
46d350a033c35853, intentional, 6586, 18, 1493068507.78, no
ebcd1390ce4a6193, outer, 1, 15, 1493068510.16, yes
e3f99bfa4535678e, full, 3420, 16, 1493068506.53, no
225448dc520d9fde, full, 8369, 20, 1493068507.02, no
0313454f0e513527, intentional, 7276, 19, 1493068508.22, no
11b4d243a5de3777, outer, 2058, 8, 1493068507.19, no
70365808c334216b, full, 4, 16, 1493068508.27, yes
80b582ddeb40b2ce, full, 6062, 16, 1493068508.57, no
fbadf6e2726d706f, outer, 3295, 18, 1493068506.69, no
2119fe68a204e42a, full, 3151, 14, 1493068508.81, no
2119fe68a204e42a, full, 9841, 17, 1493068508.62, no
19dbddedf07994e2, outer, 2818, 7, 1493068507.05, no
2119fe68a204e42a, full, 6288, 6, 1493068508.2, no
2af874d749a75ec8, full, 1701, 10, 1493068508.75, no
cac4664e95e21547, full, 2, 19, 1493068509.64, yes
37c7c349aa426fce, intentional, 4, 17, 1493068507.41, yes
7007a1f9c84cefe6, outer, 334, 13, 1493068507.52, no
19dbddedf07994e2, full, 8773, 12, 1493068508.37, no
19dbddedf07994e2, intentional, 4227, 19, 1493068510.43, no
19dbddedf07994e2, intentional, 3678, 8, 1493068507.44, no
19dbddedf07994e2, full, 5809, 7, 1493068507.45, no
82dbaca2150b72ac, intentional, 3670, 19, 1493068507.84, no
92859eb517ad4608, intentional, 224, 11, 1493068507.83, no
5d82cb8a155dbd34, intentional, 4219, 16, 1493068507.21, no
19dbddedf07994e2, outer, 2770, 3, 1493068509.32, no
768862e11a280fd0, outer, 1786, 5, 1493068509.82, no
19dbddedf07994e2, outer, 1256, 0, 1493068507.95, no
e3f99bfa4535678e, outer, 9349, 7, 1493068507.35, no
eebd59d309b409f1, full, 5439, 10, 1493068509.56, no
53d46d46c9ef0e14, intentional, 4, 13, 1493068507.84, yes
19dbddedf07994e2, intentional, 6112, 8, 1493068506.77, no
e3f99bfa4535678e, outer, 7305, 14, 1493068507.88, no
19dbddedf07994e2, intentional, 7174, 19, 1493068506.79, no
19dbddedf07994e2, full, 5116, 8, 1493068508.77, no
19dbddedf07994e2, full, 9210, 8, 1493068507.11, no
19dbddedf07994e2, intentional, 3297, 17, 1493068508.39, no
6ccededecee01838, intentional, 3485, 17, 1493068506.67, no
2119fe68a204e42a, outer, 6049, 5, 1493068509.5, no
7c26a1292a2fb6e4, outer, 2, 5, 1493068508.45, yes
206a8222428d1fc7, full, 1, 13, 1493068507.03, yes
19dbddedf07994e2, full, 2715, 7, 1493068506.59, no
befac2ddbf9df4dd, outer, 5891, 2, 1493068507.81, no
19dbddedf07994e2, full, 9612, 19, 1493068509.23, no
4884f857be239a22, outer, 3425, 7, 1493068510.01, no
a9dac7f44bb4198f, outer, 8713, 13, 1493068509.98, no
614a406f6ac4d07d, outer, 4, 10, 1493068508.09, yes
19dbddedf07994e2, intentional, 6570, 14, 1493068509.05, no
80b582ddeb40b2ce, intentional, 433, 20, 1493068508.17, no
19dbddedf07994e2, intentional, 9856, 20, 1493068509.65, no
2119fe68a204e42a, outer, 162, 9, 1493068506.68, no
2119fe68a204e42a, full, 3309, 17, 1493068507.56, no
ea31d3dfe650517d, intentional, 3390, 16, 1493068509.17, no
19dbddedf07994e2, full, 959, 5, 1493068508.21, no
19dbddedf07994e2, full, 4466, 15, 1493068510.41, no
0f5160401ea3925f, outer, 1, 9, 1493068506.7, yes
11b4d243a5de3777, outer, 3871, 0, 1493068508.49, no
82dbaca2150b72ac, outer, 3, 5, 1493068508.55, yes
393febb284db5d16, intentional, 6449, 15, 1493068507.04, no
84764327def60e22, intentional, 4, 19, 1493068508.58, yes
19dbddedf07994e2, intentional, 2287, 16, 1493068507.83, no
8fef31f6e130d228, intentional, 4586, 19, 1493068510.2, no
19dbddedf07994e2, intentional, 4511, 23, 1493068507.52, no
19dbddedf07994e2, outer, 5719, 1, 1493068508.4, no
19dbddedf07994e2, outer, 19, 2, 1493068508.37, no
19dbddedf07994e2, outer, 9816, 4, 1493068510.25, no
19dbddedf07994e2, outer, 8937, 3, 1493068508.01, no
6da4c89a4f55676a, full, 3184, 14, 1493068508.0, no
2d784fe60bc13843, full, 169, 7, 1493068508.85, no
19dbddedf07994e2, full, 8495, 11, 1493068507.45, no
614a406f6ac4d07d, full, 706, 6, 1493068507.93, no
2119fe68a204e42a, intentional, 7404, 18, 1493068509.52, no
19dbddedf07994e2, full, 3271, 18, 1493068508.97, no
19dbddedf07994e2, outer, 2815, 2, 1493068506.73, no
6ccededecee01838, outer, 8578, 6, 1493068509.76, no
19dbddedf07994e2, full, 8306, 4, 1493068509.61, no
0313454f0e513527, outer, 5573, 5, 1493068508.6, no
7007a1f9c84cefe6, outer, 6368, 13, 1493068508.05, no
7007a1f9c84cefe6, full, 1833, 18, 1493068510.09, no
19dbddedf07994e2, outer, 5404, 13, 1493068506.7, no
19dbddedf07994e2, intentional, 4698, 20, 1493068509.06, no
2c99b217faca51f8, intentional, 932, 16, 1493068509.25, no
19dbddedf07994e2, outer, 6490, 1, 1493068507.34, no
19dbddedf07994e2, full, 9442, 18, 1493068507.58, no
19dbddedf07994e2, outer, 7662, 4, 1493068510.0, no
19dbddedf07994e2, intentional, 3143, 16, 1493068510.4, no
2119fe68a204e42a, outer, 1370, 3, 1493068509.08, no
4dacd064a3248f0e, full, 8730, 17, 1493068509.77, no
19dbddedf07994e2, full, 4018, 10, 1493068509.18, no
19dbddedf07994e2, intentional, 5155, 3, 1493068507.76, no
19dbddedf07994e2, full, 3797, 21, 1493068509.85, no
46e8a5186d238bc1, intentional, 9239, 20, 1493068507.56, no
dca779aad57531f1, full, 4067, 6, 1493068508.16, no
19dbddedf07994e2, outer, 3661, 9, 1493068508.02, no
2af874d749a75ec8, intentional, 4278, 9, 1493068508.79, no
19dbddedf07994e2, intentional, 9549, 8, 1493068508.18, no
f2d5139df774f875, outer, 1189, 12, 1493068506.49, no
19dbddedf07994e2, full, 8243, 16, 1493068508.31, no
19dbddedf07994e2, full, 9630, 18, 1493068506.55, no
f2d5139df774f875, outer, 2404, 15, 1493068507.23, no
19dbddedf07994e2, intentional, 1610, 3, 1493068507.72, no
768862e11a280fd0, full, 7365, 20, 1493068509.89, no
19dbddedf07994e2, intentional, 5531, 0, 1493068509.35, no
80b582ddeb40b2ce, outer, 5357, 7, 1493068508.78, no
2e44154140f87dcd, intentional, 2, 18, 1493068507.26, yes
e3f99bfa4535678e, intentional, 7491, 15, 1493068509.47, no
19dbddedf07994e2, outer, 5784, 7, 1493068507.2, no
2119fe68a204e42a, outer, 4518, 17, 1493068508.51, no
5bbf63ab6fec288e, outer, 3, 19, 1493068507.98, yes
8191d376ff0b4442, outer, 3, 11, 1493068508.53, yes
19dbddedf07994e2, outer, 7618, 6, 1493068508.59, no
2119fe68a204e42a, full, 7117, 10, 1493068509.19, no
4dacd064a3248f0e, outer, 7572, 11, 1493068509.64, no
19dbddedf07994e2, outer, 3665, 3, 1493068508.4, no
4129b562fe425a0b, full, 444, 20, 1493068506.56, no
19dbddedf07994e2, full, 5547, 12, 1493068509.1, no
5d82cb8a155dbd34, intentional, 6961, 12, 1493068507.79, no
eebd59d309b409f1, intentional, 5, 16, 1493068510.2, yes
2af874d749a75ec8, intentional, 1952, 19, 1493068510.35, no
20122752d1b9cd72, full, 1, 18, 1493068507.03, yes
2119fe68a204e42a, intentional, 8651, 14, 1493068508.63, no
2119fe68a204e42a, outer, 2512, 3, 1493068510.34, no
19dbddedf07994e2, outer, 8341, 2, 1493068506.93, no
19dbddedf07994e2, intentional, 3706, 19, 1493068506.99, no
19dbddedf07994e2, outer, 5986, 3, 1493068509.71, no
0313454f0e513527, full, 662, 20, 1493068507.91, no
5071f4f9f28c13b3, intentional, 1, 18, 1493068507.79, yes
19dbddedf07994e2, outer, 1822, 13, 1493068507.56, no
ab363adc4024ff3c, outer, 8920, 17, 1493068507.16, no
efda2105fce657a8, outer, 4919, 14, 1493068508.46, no
4b629589b0170dda, intentional, 1, 9, 1493068507.73, yes
92859eb517ad4608, outer, 4581, 11, 1493068507.57, no
19dbddedf07994e2, outer, 2014, 13, 1493068506.93, no
6ccededecee01838, intentional, 6109, 18, 1493068509.42, no
5d82cb8a155dbd34, intentional, 4912, 14, 1493068508.08, no
19dbddedf07994e2, intentional, 1774, 10, 1493068510.06, no
4dacd064a3248f0e, full, 3398, 13, 1493068506.73, no
19dbddedf07994e2, outer, 3914, 6, 1493068508.07, no
da1b2cc86155f95b, full, 7605, 22, 1493068509.96, no
5d82cb8a155dbd34, intentional, 6109, 17, 1493068507.86, no
344c73764f8f87f2, full, 8032, 8, 1493068506.98, no
19dbddedf07994e2, full, 9726, 9, 1493068510.02, no
f17c71b6d21b5f4f, intentional, 9448, 14, 1493068507.36, no
19dbddedf07994e2, outer, 3373, 1, 1493068508.78, no
2119fe68a204e42a, intentional, 1126, 17, 1493068509.05, no
e3f99bfa4535678e, intentional, 5442, 17, 1493068508.13, no
a6e782556623dbce, full, 2647, 16, 1493068506.59, no
19dbddedf07994e2, intentional, 3878, 2, 1493068509.59, no
e5bf83d96f9751cf, outer, 7782, 14, 1493068508.54, no
19dbddedf07994e2, outer, 6462, 12, 1493068509.05, no
19dbddedf07994e2, outer, 7547, 8, 1493068510.15, no
e5bf83d96f9751cf, full, 1174, 10, 1493068506.62, no
19dbddedf07994e2, outer, 1546, 9, 1493068509.24, no
e55525e0b2004294, intentional, 1354, 15, 1493068508.93, no
3fe007ffcb356bf9, outer, 2, 15, 1493068507.55, yes
19dbddedf07994e2, outer, 3290, 9, 1493068508.55, no
19dbddedf07994e2, outer, 9090, 8, 1493068509.51, no
19dbddedf07994e2, outer, 1876, 4, 1493068510.07, no
8fef31f6e130d228, full, 3038, 12, 1493068508.48, no
2119fe68a204e42a, full, 2365, 10, 1493068508.16, no
19dbddedf07994e2, intentional, 4982, 4, 1493068507.74, no
19dbddedf07994e2, outer, 5320, 8, 1493068509.16, no
19dbddedf07994e2, intentional, 3400, 17, 1493068509.12, no
19dbddedf07994e2, intentional, 9840, 12, 1493068509.9, no
2119fe68a204e42a, full, 7919, 20, 1493068507.79, no
128d55de46314e3b, full, 5, 4, 1493068506.75, yes
b2c6bef0a1ed09a8, outer, 4, 14, 1493068509.29, yes
7007a1f9c84cefe6, full, 5395, 5, 1493068507.25, no
5d82cb8a155dbd34, full, 8611, 19, 1493068510.28, no
19dbddedf07994e2, outer, 7652, 1, 1493068509.27, no
80b582ddeb40b2ce, full, 757, 22, 1493068509.78, no
19dbddedf07994e2, full, 4093, 10, 1493068506.79, no
19dbddedf07994e2, intentional, 1159, 8, 1493068509.68, no
19dbddedf07994e2, outer, 2792, 6, 1493068510.24, no
19dbddedf07994e2, full, 8052, 5, 1493068508.32, no
19dbddedf07994e2, intentional, 5584, 12, 1493068507.01, no
19dbddedf07994e2, full, 8244, 1, 1493068506.77, no
cf2a5d42843b7397, outer, 6988, 5, 1493068509.5, no
19dbddedf07994e2, outer, 1, 16, 1490310862.0, no
9c4f781173d0fb2d, intentional, 3, 13, 1493068508.99, yes
0313454f0e513527, full, 5265, 14, 1493068509.01, no
a490963ae4c840bc, intentional, 5, 14, 1493068509.11, yes
19dbddedf07994e2, intentional, 2109, 16, 1493068507.02, no
606754cfbea75770, full, 113, 6, 1493068509.38, no
19dbddedf07994e2, outer, 6830, 0, 1493068508.06, no
19dbddedf07994e2, outer, 9642, 11, 1493068510.27, no
10ff61d3893e0196, full, 2, 9, 1493068506.72, yes
efda2105fce657a8, full, 1, 18, 1493068510.22, yes
f60bfb6b52b3f702, intentional, 1, 14, 1493068510.3, yes
e55525e0b2004294, full, 2265, 21, 1493068507.82, no
8eef91a28eff270a, outer, 1, 16, 1493068508.75, yes
19dbddedf07994e2, intentional, 7308, 17, 1493068506.89, no
7007a1f9c84cefe6, intentional, 1946, 18, 1493068510.05, no
20980e2265b3d724, full, 2, 4, 1493068507.03, yes
2119fe68a204e42a, outer, 327, 12, 1493068507.66, no
0c12fb41717c67fc, full, 1, 20, 1493068506.66, yes
19dbddedf07994e2, full, 480, 11, 1493068506.65, no
11b4d243a5de3777, outer, 7533, 5, 1493068508.29, no
19dbddedf07994e2, intentional, 4078, 20, 1493068509.0, no
e3f99bfa4535678e, intentional, 2736, 17, 1493068507.16, no
19dbddedf07994e2, outer, 2373, 11, 1493068508.48, no
77b66a0509916d51, intentional, 1027, 17, 1493068508.84, no
606754cfbea75770, intentional, 886, 19, 1493068509.91, no
7d6a88e8113679a3, outer, 8617, 6, 1493068506.57, no
19dbddedf07994e2, outer, 3013, 10, 1493068509.79, no
19dbddedf07994e2, intentional, 5865, 15, 1493068507.96, no
8a6febcf85c544d4, intentional, 5, 20, 1493068508.67, yes
5a86ce944e7078c1, outer, 5, 11, 1493068507.96, yes
b42f6b3c826e14ff, full, 8365, 11, 1493068509.3, no
19dbddedf07994e2, intentional, 1024, 19, 1493068509.13, no
3e8f905982a0ce47, outer, 7047, 9, 1493068508.25, no
19dbddedf07994e2, intentional, 3726, 15, 1493068506.47, no
71032e877b57a188, full, 1, 19, 1493068508.27, yes
7d6a88e8113679a3, outer, 6868, 10, 1493068507.13, no
19dbddedf07994e2, outer, 6038, 1, 1493068506.82, no
80b582ddeb40b2ce, intentional, 4285, 17, 1493068508.65, no
148a9ac8b8ae8634, intentional, 3, 13, 1493068506.78, yes
12e78e390a573b38, full, 5, 13, 1493068506.76, yes
19dbddedf07994e2, full, 4545, 21, 1493068507.69, no
19dbddedf07994e2, outer, 5197, 6, 1493068510.03, no
2119fe68a204e42a, intentional, 5739, 12, 1493068510.03, no
19dbddedf07994e2, intentional, 989, 12, 1493068508.54, no
19dbddedf07994e2, full, 2847, 8, 1493068506.59, no
5d82cb8a155dbd34, outer, 3866, 18, 1493068507.17, no
46d350a033c35853, full, 3, 17, 1493068507.64, yes
768862e11a280fd0, outer, 1277, 8, 1493068509.51, no
e3f99bfa4535678e, outer, 5, 4, 1493068509.98, yes
19dbddedf07994e2, full, 7146, 23, 1493068509.86, no
5d82cb8a155dbd34, intentional, 1358, 16, 1493068509.32, no
225448dc520d9fde, outer, 1914, 2, 1493068508.43, no
19dbddedf07994e2, intentional, 9078, 11, 1493068506.54, no
f2d5139df774f875, outer, 7198, 12, 1493068508.74, no
7007a1f9c84cefe6, outer, 3372, 12, 1493068508.24, no
19dbddedf07994e2, intentional, 4242, 1, 1493068507.69, no
19dbddedf07994e2, intentional, 8172, 13, 1493068508.48, no
19dbddedf07994e2, outer, 820, 1, 1493068509.09, no
19dbddedf07994e2, intentional, 862, 8, 1493068509.18, no
5d82cb8a155dbd34, outer, 3124, 7, 1493068508.67, no
19dbddedf07994e2, intentional, 1375, 10, 1493068506.91, no
da1b2cc86155f95b, intentional, 4, 16, 1493068509.83, yes
80b582ddeb40b2ce, outer, 7313, 8, 1493068510.22, no
19dbddedf07994e2, full, 5311, 9, 1493068507.04, no
5cf5c2ba02ee6bb5, intentional, 5488, 15, 1493068509.81, no
47fda529d1b27280, outer, 2, 3, 1493068507.68, yes
92859eb517ad4608, full, 9851, 19, 1493068507.42, no
ae75dd4c2c8dc843, intentional, 5715, 6, 1493068508.12, no
86f17ac44dc7e324, outer, 6727, 14, 1493068510.12, no
2119fe68a204e42a, intentional, 664, 19, 1493068507.06, no
5d82cb8a155dbd34, full, 7931, 20, 1493068509.22, no
7d6a88e8113679a3, intentional, 5605, 16, 1493068508.18, no
c6bd40b0a7053499, outer, 5, 13, 1493068509.61, yes
2119fe68a204e42a, intentional, 287, 17, 1493068507.37, no
5d82cb8a155dbd34, full, 197, 6, 1493068509.37, no
72baf9552ea98e03, full, 3, 10, 1493068508.3, yes
19dbddedf07994e2, full, 1642, 21, 1493068508.11, no
92859eb517ad4608, full, 1049, 8, 1493068507.8, no
19dbddedf07994e2, full, 9994, 18, 1493068507.8, no
e3f99bfa4535678e, outer, 1158, 3, 1493068508.61, no
19dbddedf07994e2, full, 5271, 8, 1493068506.62, no
4dacd064a3248f0e, full, 768, 9, 1493068509.78, no
e3f99bfa4535678e, intentional, 62, 18, 1493068507.97, no
b61b6ba65fc547f3, outer, 1162, 17, 1493068507.57, no
2119fe68a204e42a, intentional, 9191, 19, 1493068508.76, no
5f60b9ee05cf73cc, full, 2, 18, 1493068508.02, yes
19dbddedf07994e2, intentional, 2039, 9, 1493068508.81, no
73d45ec644828e1a, full, 2, 20, 1493068508.31, yes
0f5160401ea3925f, intentional, 1127, 17, 1493068508.73, no
f10ef47e05746467, full, 4294, 6, 1493068507.59, no
8a6febcf85c544d4, full, 5881, 21, 1493068507.84, no
19dbddedf07994e2, intentional, 1507, 13, 1493068507.47, no
19dbddedf07994e2, outer, 7325, 8, 1493068507.96, no
206a8222428d1fc7, outer, 6492, 4, 1493068510.04, no
2119fe68a204e42a, intentional, 2826, 10, 1493068510.39, no
19dbddedf07994e2, outer, 4335, 9, 1493068509.66, no
dca779aad57531f1, full, 9473, 18, 1493068508.15, no
19dbddedf07994e2, outer, 2701, 10, 1493068510.37, no
e94bf9e6daf555e4, outer, 520, 15, 1493068508.17, no
19dbddedf07994e2, outer, 7291, 2, 1493068509.94, no
2119fe68a204e42a, intentional, 733, 15, 1493068507.9, no
2119fe68a204e42a, full, 1694, 18, 1493068506.85, no
19dbddedf07994e2, full, 7626, 7, 1493068507.46, no
19dbddedf07994e2, outer, 1771, 2, 1493068508.73, no
19dbddedf07994e2, outer, 7421, 1, 1493068506.76, no
19dbddedf07994e2, outer, 9790, 6, 1493068510.28, no
7c410fab0792a1a6, full, 5, 4, 1493068508.46, yes
19dbddedf07994e2, intentional, 3802, 7, 1493068507.09, no
8a6febcf85c544d4, outer, 4045, 2, 1493068509.36, no
19dbddedf07994e2, intentional, 2299, 20, 1493068508.53, no
5d82cb8a155dbd34, intentional, 4576, 19, 1493068508.34, no
19dbddedf07994e2, full, 233, 10, 1493068508.94, no
80b582ddeb40b2ce, full, 5096, 14, 1493068509.66, no
4884f857be239a22, full, 2665, 16, 1493068506.97, no
80b582ddeb40b2ce, full, 1677, 18, 1493068510.21, no
19dbddedf07994e2, full, 8052, 6, 1493068507.54, no
19dbddedf07994e2, full, 533, 13, 1493068509.9, no
2119fe68a204e42a, intentional, 8677, 9, 1493068508.77, no
768862e11a280fd0, outer, 2868, 9, 1493068507.33, no
be67603ea9cfc3d5, intentional, 4, 18, 1493068509.48, yes
4f61478ff21223b0, full, 4, 10, 1493068507.78, yes
19a0a2235b345add, intentional, 1, 19, 1493068506.86, yes
4884f857be239a22, intentional, 8258, 16, 1493068506.63, no
19dbddedf07994e2, intentional, 9891, 19, 1493068506.8, no
19dbddedf07994e2, intentional, 1426, 2, 1493068508.21, no
7d6a88e8113679a3, intentional, 3526, 15, 1493068509.26, no
4dacd064a3248f0e, outer, 7828, 4, 1493068506.95, no
e3f99bfa4535678e, intentional, 7804, 13, 1493068510.35, no
05342ea0a157f2f6, outer, 2, 8, 1493068506.55, yes
37c7c349aa426fce, full, 4127, 18, 1493068510.32, no
19dbddedf07994e2, outer, 2, 5, 1490532584.0, no
19dbddedf07994e2, outer, 8426, 10, 1493068510.19, no
19dbddedf07994e2, outer, 6701, 7, 1493068508.66, no
8a6febcf85c544d4, full, 9708, 11, 1493068506.82, no
befac2ddbf9df4dd, full, 5830, 18, 1493068509.95, no
1d3487df6761d44e, intentional, 7183, 16, 1493068509.03, no
da1b2cc86155f95b, full, 4431, 6, 1493068509.85, no
e55525e0b2004294, full, 2355, 20, 1493068510.4, no
6ccededecee01838, full, 126, 18, 1493068509.47, no
92977e45eb872e9b, full, 1, 20, 1493068508.8, yes
3e8f905982a0ce47, outer, 79, 11, 1493068508.97, no
4dacd064a3248f0e, full, 3183, 9, 1493068509.63, no
19dbddedf07994e2, full, 811, 21, 1493068507.59, no
19dbddedf07994e2, outer, 3756, 5, 1493068507.42, no
19dbddedf07994e2, full, 9288, 20, 1493068509.95, no
19dbddedf07994e2, intentional, 5735, 18, 1493068509.86, no
e55525e0b2004294, outer, 4949, 17, 1493068507.88, no
19dbddedf07994e2, outer, 2128, 9, 1493068507.77, no
92859eb517ad4608, full, 8750, 17, 1493068509.28, no
4129b562fe425a0b, full, 4, 2, 1493068507.56, yes
19dbddedf07994e2, intentional, 7662, 4, 1493068508.01, no
19dbddedf07994e2, full, 3875, 24, 1493068506.52, no
a9dac7f44bb4198f, intentional, 1463, 18, 1493068509.24, no
e3f99bfa4535678e, intentional, 3959, 17, 1493068509.88, no
2119fe68a204e42a, outer, 9147, 5, 1493068507.22, no
19dbddedf07994e2, outer, 3, 4, 1489735185.0, no
4dacd064a3248f0e, full, 6091, 8, 1493068508.89, no
46d350a033c35853, full, 505, 16, 1493068508.52, no
19dbddedf07994e2, outer, 2234, 2, 1493068507.51, no
2119fe68a204e42a, outer, 2, 4, 1493068507.04, yes
19dbddedf07994e2, outer, 4249, 9, 1493068507.38, no
4884f857be239a22, intentional, 9212, 16, 1493068510.19, no
80b582ddeb40b2ce, outer, 4006, 5, 1493068508.59, no
19dbddedf07994e2, full, 6345, 11, 1493068509.47, no
19dbddedf07994e2, outer, 9472, 11, 1493068507.29, no
f17c71b6d21b5f4f, outer, 3315, 4, 1493068508.97, no
19dbddedf07994e2, outer, 8035, 5, 1493068507.96, no
19dbddedf07994e2, intentional, 5497, 10, 1493068508.41, no
19dbddedf07994e2, full, 6124, 13, 1493068510.35, no
d2f1c88c0be4a19b, outer, 8229, 9, 1493068509.62, no
19dbddedf07994e2, full, 8530, 20, 1493068508.65, no
d32d69e3457e91ea, intentional, 2, 14, 1493068509.73, yes
f2d5139df774f875, full, 2041, 9, 1493068510.39, no
19dbddedf07994e2, full, 9898, 9, 1493068507.31, no
19dbddedf07994e2, intentional, 4617, 14, 1493068509.99, no
92859eb517ad4608, outer, 9744, 6, 1493068508.35, no
344c73764f8f87f2, full, 5, 12, 1493068507.33, yes
95d41a301cf5e2b3, intentional, 1, 17, 1493068508.87, yes
19dbddedf07994e2, outer, 8358, 4, 1493068507.62, no
19dbddedf07994e2, outer, 2675, 5, 1493068508.02, no
f10ef47e05746467, intentional, 7368, 15, 1493068507.47, no
cf2a5d42843b7397, intentional, 789, 15, 1493068508.25, no
ea31d3dfe650517d, intentional, 2203, 16, 1493068506.63, no
19dbddedf07994e2, intentional, 9925, 11, 1493068506.51, no
7007a1f9c84cefe6, full, 8912, 11, 1493068507.92, no
1280a9a0be507027, full, 1, 17, 1493068506.75, yes
3e8f905982a0ce47, full, 2, 11, 1493068507.53, yes
2119fe68a204e42a, intentional, 3428, 15, 1493068509.16, no
b61b6ba65fc547f3, intentional, 2083, 15, 1493068508.03, no
2d784fe60bc13843, intentional, 9006, 21, 1493068508.62, no
19dbddedf07994e2, full, 1156, 9, 1493068506.54, no
19dbddedf07994e2, intentional, 7966, 16, 1493068507.31, no
19dbddedf07994e2, full, 8693, 19, 1493068508.25, no
2af874d749a75ec8, outer, 140, 3, 1493068508.75, no
7d6a88e8113679a3, intentional, 2773, 17, 1493068509.75, no
768862e11a280fd0, outer, 2924, 4, 1493068509.14, no
19dbddedf07994e2, outer, 572, 8, 1493068510.39, no
e3f99bfa4535678e, intentional, 189, 11, 1493068508.64, no
83f14b7437375831, intentional, 2, 18, 1493068508.56, yes
80b582ddeb40b2ce, full, 6244, 21, 1493068507.13, no
19dbddedf07994e2, intentional, 5596, 20, 1493068507.3, no
19dbddedf07994e2, outer, 3078, 19, 1493068510.01, no
4884f857be239a22, intentional, 2298, 17, 1493068506.54, no
c44580091c0ad5ad, full, 1, 18, 1493068509.57, yes
19dbddedf07994e2, intentional, 5668, 12, 1493068507.34, no
368dcb012acd2bd4, outer, 2, 4, 1493068507.38, yes
6ccededecee01838, full, 2997, 16, 1493068506.52, no
19dbddedf07994e2, intentional, 1972, 11, 1493068507.28, no
19dbddedf07994e2, full, 408, 17, 1493068509.96, no
83f14b7437375831, full, 5186, 21, 1493068507.8, no
4129b562fe425a0b, full, 8058, 20, 1493068509.84, no
614a406f6ac4d07d, full, 2262, 21, 1493068507.5, no
74713c9049904ddf, outer, 4541, 11, 1493068508.53, no
e3f99bfa4535678e, intentional, 6206, 7, 1493068507.82, no
0f5160401ea3925f, full, 5988, 18, 1493068507.21, no
19dbddedf07994e2, intentional, 8578, 7, 1493068506.78, no
19dbddedf07994e2, full, 9585, 7, 1493068508.9, no
19dbddedf07994e2, full, 5267, 14, 1493068507.9, no
5d82cb8a155dbd34, intentional, 4434, 12, 1493068509.8, no
19dbddedf07994e2, intentional, 3181, 12, 1493068507.22, no
4dacd064a3248f0e, full, 6286, 14, 1493068507.15, no
19dbddedf07994e2, outer, 6669, 5, 1493068506.74, no
e5bf83d96f9751cf, outer, 4488, 14, 1493068507.1, no
2119fe68a204e42a, full, 3398, 22, 1493068508.23, no
e55525e0b2004294, outer, 7159, 11, 1493068509.75, no
614a406f6ac4d07d, outer, 7649, 7, 1493068508.6, no
b42f6b3c826e14ff, outer, 4087, 7, 1493068508.0, no
feffcf826728317c, intentional, 4, 15, 1493068510.42, yes
19dbddedf07994e2, full, 4045, 18, 1493068507.61, no
19dbddedf07994e2, intentional, 2293, 21, 1493068509.59, no
19dbddedf07994e2, intentional, 9579, 4, 1493068509.49, no
e5bf83d96f9751cf, full, 1446, 3, 1493068506.9, no
7007a1f9c84cefe6, outer, 3, 11, 1493068508.26, yes
5d82cb8a155dbd34, full, 6042, 19, 1493068508.59, no
2119fe68a204e42a, full, 3865, 21, 1493068507.14, no
e55525e0b2004294, intentional, 4130, 17, 1493068510.34, no
2119fe68a204e42a, intentional, 5359, 18, 1493068508.55, no
e55525e0b2004294, full, 5652, 12, 1493068510.02, no
19dbddedf07994e2, full, 3213, 17, 1493068509.43, no
8f48cd1f7a4fa984, outer, 5, 7, 1493068508.76, yes
19dbddedf07994e2, full, 121, 19, 1493068507.78, no
0313454f0e513527, outer, 6047, 6, 1493068506.97, no
95d41a301cf5e2b3, outer, 7710, 3, 1493068509.68, no
0313454f0e513527, outer, 2810, 11, 1493068509.42, no
80b582ddeb40b2ce, outer, 2136, 1, 1493068509.43, no
8f48cd1f7a4fa984, full, 1484, 12, 1493068507.46, no
19dbddedf07994e2, outer, 9517, 2, 1493068508.36, no
6da4c89a4f55676a, outer, 3, 18, 1493068508.23, yes
19dbddedf07994e2, outer, 5539, 6, 1493068507.67, no
e55525e0b2004294, outer, 3692, 5, 1493068508.1, no
e90bf79bebf9d078, outer, 4, 9, 1493068510.11, yes
e9402a9ba7d42b70, full, 2, 17, 1493068510.12, yes
19dbddedf07994e2, outer, 9949, 6, 1493068509.37, no
19dbddedf07994e2, intentional, 9027, 5, 1493068509.7, no
2c99b217faca51f8, outer, 9209, 3, 1493068509.79, no
5f60b9ee05cf73cc, outer, 9112, 10, 1493068507.89, no
9c4f781173d0fb2d, intentional, 5398, 12, 1493068507.41, no
19dbddedf07994e2, full, 8686, 11, 1493068506.88, no
911b50e2486c6186, intentional, 2, 19, 1493068508.78, yes
6ccededecee01838, full, 427, 11, 1493068507.19, no
19dbddedf07994e2, intentional, 2172, 15, 1493068509.37, no
19dbddedf07994e2, outer, 1087, 11, 1493068506.65, no
19dbddedf07994e2, outer, 8257, 19, 1493068509.28, no
80b582ddeb40b2ce, full, 6525, 20, 1493068506.91, no
8fef31f6e130d228, intentional, 2, 16, 1493068508.77, yes
6ccededecee01838, outer, 4055, 8, 1493068510.03, no
e55525e0b2004294, full, 2315, 19, 1493068509.4, no
19dbddedf07994e2, outer, 6678, 1, 1493068506.76, no
23062825a1bc28fc, outer, 7370, 6, 1493068508.42, no
19dbddedf07994e2, full, 5, 15, 1489792321.0, no
19dbddedf07994e2, intentional, 1882, 9, 1493068509.64, no
afcb642cda4b2ec6, intentional, 5, 17, 1493068509.23, yes
19dbddedf07994e2, outer, 491, 3, 1493068507.0, no
19dbddedf07994e2, outer, 5663, 2, 1493068510.19, no
19dbddedf07994e2, outer, 2190, 10, 1493068506.51, no
80b582ddeb40b2ce, full, 5562, 12, 1493068507.77, no
2119fe68a204e42a, intentional, 4134, 8, 1493068510.33, no
6ccededecee01838, full, 8641, 17, 1493068509.63, no
46e8a5186d238bc1, full, 8785, 20, 1493068510.37, no
92859eb517ad4608, outer, 1190, 9, 1493068509.7, no
19dbddedf07994e2, full, 8364, 5, 1493068509.36, no
95d41a301cf5e2b3, outer, 8645, 7, 1493068507.74, no
2119fe68a204e42a, full, 9238, 15, 1493068509.58, no
714d7c8007d03d69, outer, 4, 5, 1493068508.28, yes
19dbddedf07994e2, intentional, 9250, 2, 1493068509.6, no
2119fe68a204e42a, outer, 9253, 6, 1493068509.17, no
11b4d243a5de3777, intentional, 9588, 19, 1493068507.44, no
9b19bf2e8fb8e2f1, outer, 2, 12, 1493068508.99, yes
d2f1c88c0be4a19b, intentional, 3023, 19, 1493068508.71, no
ff5abca3be7f134b, full, 5, 20, 1493068510.43, yes
5a86ce944e7078c1, intentional, 2940, 14, 1493068509.68, no
19dbddedf07994e2, outer, 8101, 3, 1493068510.14, no
19dbddedf07994e2, outer, 1641, 7, 1493068510.13, no
4dacd064a3248f0e, outer, 6262, 9, 1493068508.38, no
19dbddedf07994e2, full, 2013, 11, 1493068509.77, no
2119fe68a204e42a, outer, 5876, 4, 1493068506.72, no
6ccededecee01838, outer, 8485, 17, 1493068508.39, no
19dbddedf07994e2, intentional, 1595, 13, 1493068509.92, no
19dbddedf07994e2, intentional, 597, 5, 1493068509.13, no
941511d8e1f0a1ac, outer, 1, 13, 1493068508.83, yes
b2855bce0b5908c6, intentional, 5842, 15, 1493068507.81, no
19dbddedf07994e2, full, 8604, 18, 1493068508.74, no
6ccededecee01838, full, 3428, 17, 1493068509.81, no
0f5160401ea3925f, full, 1876, 15, 1493068509.99, no
74713c9049904ddf, outer, 4, 7, 1493068508.33, yes
80b582ddeb40b2ce, outer, 69, 12, 1493068509.59, no
9b19bf2e8fb8e2f1, outer, 647, 3, 1493068508.78, no
5d82cb8a155dbd34, full, 7743, 16, 1493068508.86, no
768862e11a280fd0, full, 4433, 19, 1493068508.23, no
6ccededecee01838, full, 4030, 7, 1493068508.57, no
19dbddedf07994e2, full, 2846, 15, 1493068507.75, no
cf2a5d42843b7397, intentional, 4, 17, 1493068509.68, yes
cdef71d5c1475ff1, intentional, 1, 7, 1493068509.67, yes
7c410fab0792a1a6, outer, 2866, 3, 1493068507.62, no
19dbddedf07994e2, intentional, 7062, 5, 1493068508.88, no
2af874d749a75ec8, intentional, 7671, 9, 1493068509.34, no
768862e11a280fd0, outer, 5, 6, 1493068508.36, yes
cfae3ca2f65f0b94, intentional, 4648, 14, 1493068510.27, no
19dbddedf07994e2, outer, 6032, 3, 1493068509.34, no
19dbddedf07994e2, full, 4579, 11, 1493068510.25, no
19dbddedf07994e2, full, 2795, 15, 1493068510.3, no
2119fe68a204e42a, full, 6700, 13, 1493068508.13, no
19dbddedf07994e2, intentional, 3672, 16, 1493068508.32, no
80b582ddeb40b2ce, outer, 2189, 3, 1493068507.36, no
e55525e0b2004294, intentional, 222, 18, 1493068508.28, no
7d6a88e8113679a3, full, 1058, 16, 1493068509.84, no
19dbddedf07994e2, full, 7873, 5, 1493068508.79, no
b0241aa48c88bd1b, full, 127, 17, 1493068509.43, no
19dbddedf07994e2, outer, 1927, 8, 1493068508.63, no
b42f6b3c826e14ff, intentional, 3522, 16, 1493068510.38, no
19dbddedf07994e2, outer, 7281, 7, 1493068507.6, no
3e8f905982a0ce47, intentional, 5874, 18, 1493068508.36, no
2d784fe60bc13843, outer, 4311, 1, 1493068509.15, no
19dbddedf07994e2, full, 5783, 8, 1493068508.71, no
a9dac7f44bb4198f, outer, 4, 8, 1493068509.17, yes
e3f99bfa4535678e, full, 3857, 2, 1493068508.41, no
e3f99bfa4535678e, intentional, 5032, 15, 1493068508.58, no
19dbddedf07994e2, full, 5995, 21, 1493068507.59, no
7d6a88e8113679a3, outer, 3, 13, 1493068508.48, yes
11b4d243a5de3777, outer, 3, 3, 1493068506.73, yes
e55525e0b2004294, outer, 3974, 3, 1493068509.42, no
19dbddedf07994e2, outer, 5170, 8, 1493068509.22, no
d757cef7238ebbec, intentional, 3, 15, 1493068509.79, yes
19dbddedf07994e2, full, 9140, 21, 1493068507.32, no
4884f857be239a22, outer, 4614, 3, 1493068509.39, no
19dbddedf07994e2, full, 969, 2, 1493068508.74, no
19dbddedf07994e2, full, 7432, 9, 1493068507.76, no
2119fe68a204e42a, intentional, 9667, 12, 1493068510.15, no
2119fe68a204e42a, intentional, 2634, 16, 1493068509.28, no
19dbddedf07994e2, outer, 5287, 6, 1493068506.69, no
a031765c4ab49edb, intentional, 4, 7, 1493068509.04, yes
19dbddedf07994e2, full, 2945, 20, 1493068507.0, no
19dbddedf07994e2, outer, 9788, 10, 1493068506.97, no
b0241aa48c88bd1b, outer, 163, 4, 1493068509.09, no
ef8f6f04f04e663d, intentional, 5, 20, 1493068510.21, yes
5baddd1573b2f644, intentional, 5, 16, 1493068507.97, yes
0313454f0e513527, full, 4949, 21, 1493068509.37, no
19dbddedf07994e2, intentional, 3698, 5, 1493068510.28, no
e3f99bfa4535678e, outer, 4551, 13, 1493068510.05, no
19dbddedf07994e2, outer, 5770, 8, 1493068507.35, no
80b582ddeb40b2ce, full, 7697, 17, 1493068508.24, no
da1b2cc86155f95b, full, 7518, 5, 1493068510.28, no
2119fe68a204e42a, intentional, 8897, 15, 1493068506.87, no
92859eb517ad4608, intentional, 9272, 19, 1493068509.91, no
4dacd064a3248f0e, full, 5, 18, 1493068507.76, yes
ff5abca3be7f134b, intentional, 8135, 15, 1493068507.49, no
e3f99bfa4535678e, outer, 9014, 15, 1493068507.73, no
e3f99bfa4535678e, intentional, 6033, 18, 1493068508.16, no
2119fe68a204e42a, full, 4798, 22, 1493068507.4, no
19dbddedf07994e2, full, 9606, 20, 1493068508.08, no
80b582ddeb40b2ce, full, 3543, 19, 1493068506.5, no
5f60b9ee05cf73cc, outer, 5471, 12, 1493068509.95, no
19dbddedf07994e2, outer, 5262, 3, 1493068508.82, no
225448dc520d9fde, outer, 5, 13, 1493068507.07, yes
92859eb517ad4608, outer, 3, 8, 1493068508.8, yes
19dbddedf07994e2, outer, 2845, 5, 1493068508.06, no
19dbddedf07994e2, intentional, 161, 15, 1493068507.99, no
19dbddedf07994e2, intentional, 642, 0, 1493068509.16, no
cfae3ca2f65f0b94, intentional, 1, 15, 1493068509.69, yes
71e4da43e7c685d7, full, 5, 15, 1493068508.29, yes
19dbddedf07994e2, intentional, 3367, 2, 1493068508.69, no
19dbddedf07994e2, intentional, 212, 11, 1493068508.2, no
2119fe68a204e42a, full, 9889, 16, 1493068508.68, no
5f60b9ee05cf73cc, intentional, 6503, 15, 1493068506.95, no
e3f99bfa4535678e, outer, 6071, 11, 1493068509.26, no
e55525e0b2004294, full, 504, 17, 1493068509.08, no
250d650b8522d958, full, 4, 8, 1493068507.12, yes
2119fe68a204e42a, intentional, 482, 20, 1493068506.71, no
d2f1c88c0be4a19b, intentional, 6506, 13, 1493068509.65, no
19dbddedf07994e2, full, 2475, 18, 1493068509.04, no
19dbddedf07994e2, intentional, 7401, 8, 1493068508.33, no
b42f6b3c826e14ff, full, 281, 7, 1493068510.29, no
53b26ce8a91654ea, full, 1, 15, 1493068507.83, yes
d32d69e3457e91ea, intentional, 6548, 19, 1493068507.43, no
e55525e0b2004294, full, 5820, 17, 1493068509.58, no
2119fe68a204e42a, outer, 293, 7, 1493068508.05, no
2119fe68a204e42a, full, 7724, 13, 1493068506.95, no
19dbddedf07994e2, outer, 1565, 4, 1493068509.81, no
05342ea0a157f2f6, full, 4826, 10, 1493068508.63, no
19dbddedf07994e2, outer, 1984, 9, 1493068507.53, no
f17c71b6d21b5f4f, full, 565, 3, 1493068510.18, no
09d75720fe852e72, intentional, 2, 16, 1493068506.64, yes
127d4985fd094b11, intentional, 1, 7, 1493068506.74, yes
2119fe68a204e42a, full, 3794, 16, 1493068509.7, no
fbadf6e2726d706f, outer, 2, 16, 1493068510.36, yes
19dbddedf07994e2, full, 393, 8, 1493068510.06, no
2af874d749a75ec8, outer, 5802, 1, 1493068510.23, no
19dbddedf07994e2, outer, 908, 6, 1493068506.71, no
e3f99bfa4535678e, outer, 7950, 17, 1493068507.97, no
19dbddedf07994e2, full, 6265, 0, 1493068508.92, no
4dacd064a3248f0e, full, 3519, 17, 1493068507.62, no
e55525e0b2004294, full, 1143, 17, 1493068508.65, no
b42f6b3c826e14ff, outer, 7793, 6, 1493068510.43, no
b42f6b3c826e14ff, outer, 4124, 3, 1493068509.32, no
19dbddedf07994e2, outer, 5778, 2, 1493068508.42, no
80b582ddeb40b2ce, full, 7204, 15, 1493068507.26, no
7a483b4fbdf50717, outer, 4, 16, 1493068508.42, yes
9b19bf2e8fb8e2f1, outer, 719, 18, 1493068510.15, no
befac2ddbf9df4dd, intentional, 2742, 16, 1493068509.6, no
4dacd064a3248f0e, full, 6482, 8, 1493068510.29, no
19dbddedf07994e2, full, 1132, 19, 1493068506.68, no
a2eab9ff05e364f6, outer, 5, 8, 1493068509.08, yes
0313454f0e513527, intentional, 3707, 18, 1493068509.52, no
19dbddedf07994e2, intentional, 3844, 19, 1493068509.88, no
2119fe68a204e42a, intentional, 4908, 20, 1493068506.99, no
19dbddedf07994e2, outer, 4808, 21, 1493068506.56, no
19dbddedf07994e2, intentional, 670, 5, 1493068508.13, no
19dbddedf07994e2, outer, 6554, 6, 1493068508.64, no
19dbddedf07994e2, outer, 4, 9, 1489699199.0, no
250d650b8522d958, full, 5432, 15, 1493068507.1, no
19dbddedf07994e2, intentional, 9464, 11, 1493068507.11, no
19dbddedf07994e2, full, 2812, 19, 1493068509.29, no
b42f6b3c826e14ff, full, 3441, 12, 1493068509.98, no
2119fe68a204e42a, outer, 9640, 11, 1493068507.22, no
b413fa2ae9b71b8f, full, 4, 2, 1493068509.3, yes
768862e11a280fd0, outer, 814, 14, 1493068507.44, no
19dbddedf07994e2, outer, 8442, 11, 1493068507.02, no
b0241aa48c88bd1b, intentional, 650, 18, 1493068507.06, no
19dbddedf07994e2, outer, 3375, 1, 1493068506.71, no
393febb284db5d16, intentional, 5, 15, 1493068507.45, yes
e7eea88677174a0b, intentional, 5, 18, 1493068510.09, yes
19dbddedf07994e2, outer, 3919, 4, 1493068509.2, no
19dbddedf07994e2, intentional, 615, 3, 1493068509.32, no
befac2ddbf9df4dd, intentional, 7376, 15, 1493068506.61, no
cf2a5d42843b7397, outer, 6964, 3, 1493068509.07, no
344c73764f8f87f2, intentional, 1521, 13, 1493068509.62, no
2af874d749a75ec8, full, 3792, 3, 1493068507.41, no
768862e11a280fd0, outer, 5040, 8, 1493068509.07, no
0313454f0e513527, full, 1861, 18, 1493068506.48, no
19dbddedf07994e2, intentional, 8417, 16, 1493068507.46, no
19dbddedf07994e2, full, 411, 8, 1493068509.52, no
19dbddedf07994e2, full, 6453, 5, 1493068506.98, no
e3f99bfa4535678e, intentional, 8200, 13, 1493068508.0, no
19dbddedf07994e2, intentional, 3411, 11, 1493068507.31, no
b0241aa48c88bd1b, outer, 9819, 4, 1493068509.66, no
19dbddedf07994e2, intentional, 5043, 3, 1493068509.6, no
19dbddedf07994e2, intentional, 4913, 18, 1493068508.26, no
19dbddedf07994e2, outer, 4006, 7, 1493068506.85, no
92859eb517ad4608, intentional, 5035, 18, 1493068509.03, no
911b50e2486c6186, intentional, 1216, 19, 1493068506.78, no
19dbddedf07994e2, outer, 5383, 13, 1493068509.5, no
2d784fe60bc13843, intentional, 4337, 17, 1493068508.3, no
19dbddedf07994e2, full, 7714, 2, 1493068510.09, no
19dbddedf07994e2, outer, 6351, 8, 1493068509.56, no
19dbddedf07994e2, intentional, 4167, 2, 1493068509.29, no
e5bf83d96f9751cf, intentional, 1257, 14, 1493068509.71, no
1d9428fe2df1528d, full, 2950, 12, 1493068506.79, no
767257f0a1f98ea8, outer, 4, 18, 1493068508.36, yes
19dbddedf07994e2, intentional, 5411, 9, 1493068508.8, no
19dbddedf07994e2, full, 3644, 3, 1493068506.54, no
0f5160401ea3925f, full, 435, 5, 1493068508.33, no
5d82cb8a155dbd34, intentional, 5673, 15, 1493068506.72, no
e55525e0b2004294, outer, 8021, 14, 1493068506.88, no
19dbddedf07994e2, outer, 6700, 1, 1493068509.14, no
19dbddedf07994e2, intentional, 4205, 3, 1493068507.14, no
614a406f6ac4d07d, full, 6662, 13, 1493068508.95, no
2c99b217faca51f8, outer, 412, 16, 1493068509.48, no
c42b59a695868588, outer, 4, 18, 1493068509.56, yes
19dbddedf07994e2, intentional, 3616, 18, 1493068509.88, no
b0241aa48c88bd1b, full, 8647, 19, 1493068508.23, no
19dbddedf07994e2, outer, 2953, 12, 1493068508.6, no
19dbddedf07994e2, outer, 1822, 9, 1493068510.31, no
ab363adc4024ff3c, outer, 3493, 8, 1493068508.95, no
5d82cb8a155dbd34, intentional, 1881, 7, 1493068509.04, no
b0241aa48c88bd1b, full, 6024, 11, 1493068507.66, no
e55525e0b2004294, full, 8580, 8, 1493068507.86, no
c2136bb768e3f781, full, 1, 20, 1493068509.53, yes
0aa98710d4bf8ecf, intentional, 3, 17, 1493068506.65, yes
19dbddedf07994e2, full, 6696, 14, 1493068510.15, no
19dbddedf07994e2, full, 4237, 19, 1493068507.93, no
b42f6b3c826e14ff, full, 2881, 21, 1493068507.1, no
8fef31f6e130d228, intentional, 3156, 3, 1493068506.87, no
19dbddedf07994e2, outer, 7514, 5, 1493068507.71, no
19dbddedf07994e2, full, 580, 19, 1493068508.98, no
e5bf83d96f9751cf, outer, 9074, 10, 1493068508.99, no
250d650b8522d958, intentional, 1215, 5, 1493068508.87, no
19dbddedf07994e2, outer, 7234, 1, 1493068506.88, no
19dbddedf07994e2, intentional, 1619, 9, 1493068509.54, no
19dbddedf07994e2, intentional, 6050, 12, 1493068507.58, no
2119fe68a204e42a, intentional, 8261, 17, 1493068508.58, no
1e1f08c3d004335b, outer, 1, 8, 1493068506.99, yes
19dbddedf07994e2, outer, 3, 8, 1493068506.86, yes
e55525e0b2004294, intentional, 4232, 19, 1493068510.08, no
b61b6ba65fc547f3, full, 5, 14, 1493068509.33, yes
2119fe68a204e42a, intentional, 2074, 12, 1493068509.63, no
4884f857be239a22, full, 2331, 12, 1493068508.51, no
19dbddedf07994e2, full, 487, 5, 1493068508.09, no
e3f99bfa4535678e, outer, 2068, 9, 1493068507.17, no
19dbddedf07994e2, outer, 8797, 8, 1493068506.5, no
13b659b1ef159332, full, 2, 17, 1493068506.77, yes
5f60b9ee05cf73cc, full, 2009, 7, 1493068509.53, no
2119fe68a204e42a, full, 349, 13, 1493068507.37, no
5d82cb8a155dbd34, full, 6727, 6, 1493068508.68, no
dca779aad57531f1, outer, 4, 10, 1493068509.85, yes
f10ef47e05746467, outer, 5, 9, 1493068510.23, yes
e5bf83d96f9751cf, full, 9739, 11, 1493068509.62, no
0e7e164bfc1b4f55, full, 5, 18, 1493068506.7, yes
e55525e0b2004294, outer, 1867, 2, 1493068508.8, no
19dbddedf07994e2, intentional, 862, 4, 1493068507.32, no
d50a5784d54f4c76, intentional, 5050, 11, 1493068507.17, no
7c8a754aef23a6e3, intentional, 1, 3, 1493068508.46, yes
19dbddedf07994e2, outer, 5112, 1, 1493068510.42, no
7f6593400354747f, outer, 3658, 13, 1493068509.78, no
2119fe68a204e42a, outer, 27, 5, 1493068509.1, no
19dbddedf07994e2, outer, 1254, 12, 1493068507.32, no
8fef31f6e130d228, intentional, 557, 17, 1493068509.54, no
19dbddedf07994e2, intentional, 7654, 16, 1493068507.52, no
e55525e0b2004294, outer, 3053, 10, 1493068509.15, no
19dbddedf07994e2, outer, 848, 6, 1493068509.09, no
3e8f905982a0ce47, intentional, 298, 16, 1493068509.38, no
2119fe68a204e42a, outer, 5248, 12, 1493068509.67, no
19dbddedf07994e2, outer, 8958, 2, 1493068509.06, no
19dbddedf07994e2, full, 7654, 15, 1493068508.67, no
e3f99bfa4535678e, outer, 2401, 16, 1493068507.94, no
19dbddedf07994e2, intentional, 4182, 20, 1493068507.57, no
19dbddedf07994e2, outer, 8103, 6, 1493068508.69, no
19dbddedf07994e2, intentional, 385, 19, 1493068508.38, no
19dbddedf07994e2, intentional, 9326, 9, 1493068510.06, no
19dbddedf07994e2, outer, 9491, 5, 1493068507.54, no
7d6a88e8113679a3, full, 936, 13, 1493068508.7, no
19dbddedf07994e2, outer, 8806, 6, 1493068508.61, no
19dbddedf07994e2, intentional, 5826, 19, 1493068510.14, no
19dbddedf07994e2, outer, 6446, 6, 1493068509.14, no
e5bf83d96f9751cf, full, 5, 16, 1493068510.03, yes
4dacd064a3248f0e, intentional, 8072, 18, 1493068509.24, no
0313454f0e513527, full, 8090, 21, 1493068508.34, no
19dbddedf07994e2, outer, 9517, 1, 1493068507.35, no
e5bf83d96f9751cf, outer, 9184, 12, 1493068506.79, no
10ff61d3893e0196, intentional, 1793, 17, 1493068507.07, no
7007a1f9c84cefe6, full, 1478, 12, 1493068507.55, no
e55525e0b2004294, full, 6014, 18, 1493068506.58, no
2c99b217faca51f8, outer, 3, 10, 1493068507.21, yes
19dbddedf07994e2, intentional, 2811, 5, 1493068507.73, no
5f60b9ee05cf73cc, intentional, 6410, 17, 1493068507.71, no
e55525e0b2004294, full, 9906, 19, 1493068507.18, no
19dbddedf07994e2, intentional, 2502, 8, 1493068507.05, no
19dbddedf07994e2, outer, 1619, 11, 1493068507.41, no
80b582ddeb40b2ce, full, 9877, 22, 1493068509.54, no
768862e11a280fd0, intentional, 2661, 17, 1493068509.12, no
19dbddedf07994e2, full, 7249, 15, 1493068509.97, no
19dbddedf07994e2, outer, 525, 2, 1493068507.73, no
4884f857be239a22, full, 1, 18, 1493068507.68, yes
e3f99bfa4535678e, outer, 7837, 12, 1493068508.29, no
768862e11a280fd0, outer, 2336, 11, 1493068507.89, no
fcb0678812970909, full, 288, 14, 1493068509.64, no
c6bd40b0a7053499, full, 799, 7, 1493068509.0, no
ab363adc4024ff3c, outer, 704, 13, 1493068508.1, no
2119fe68a204e42a, outer, 6380, 10, 1493068506.87, no
e3f99bfa4535678e, intentional, 1184, 17, 1493068507.91, no
a6e782556623dbce, full, 1, 15, 1493068509.13, yes
19dbddedf07994e2, intentional, 2593, 20, 1493068509.94, no
b2c6bef0a1ed09a8, outer, 5366, 12, 1493068508.32, no
9e777a71681dfa82, outer, 2, 13, 1493068509.02, yes
6ccededecee01838, outer, 2619, 3, 1493068510.22, no
6ba9b481f9f027e8, intentional, 2, 13, 1493068508.2, yes
5023a56c073ba150, full, 5, 13, 1493068507.79, yes
19dbddedf07994e2, full, 4850, 6, 1493068509.69, no
2119fe68a204e42a, full, 9749, 9, 1493068508.5, no
19dbddedf07994e2, full, 3, 15, 1489962418.0, no
0313454f0e513527, full, 3784, 7, 1493068510.36, no
19dbddedf07994e2, full, 3883, 4, 1493068506.92, no
2119fe68a204e42a, intentional, 628, 20, 1493068510.1, no
19dbddedf07994e2, intentional, 9886, 3, 1493068509.63, no
46e8a5186d238bc1, intentional, 8688, 14, 1493068507.75, no
2119fe68a204e42a, intentional, 3591, 7, 1493068509.38, no
fcb0678812970909, outer, 312, 7, 1493068510.34, no
dca779aad57531f1, outer, 2728, 11, 1493068508.88, no
b2855bce0b5908c6, full, 4256, 11, 1493068507.9, no
4dacd064a3248f0e, outer, 8838, 6, 1493068509.52, no
4dacd064a3248f0e, intentional, 4168, 17, 1493068508.03, no
2d784fe60bc13843, intentional, 4, 12, 1493068507.24, yes
609a6b966c25b4d1, intentional, 3, 18, 1493068508.07, yes
19dbddedf07994e2, outer, 894, 6, 1493068510.16, no
2119fe68a204e42a, outer, 1825, 7, 1493068506.62, no
5d82cb8a155dbd34, full, 9382, 15, 1493068506.65, no
53b26ce8a91654ea, full, 4958, 16, 1493068509.2, no
19dbddedf07994e2, intentional, 7766, 16, 1493068510.26, no
2119fe68a204e42a, outer, 9125, 10, 1493068509.45, no
f84d104ad34eaf84, intentional, 4, 8, 1493068510.32, yes
d2f1c88c0be4a19b, intentional, 4002, 18, 1493068507.23, no
5f60b9ee05cf73cc, intentional, 5181, 14, 1493068510.08, no
19dbddedf07994e2, outer, 3463, 1, 1493068508.66, no
19dbddedf07994e2, intentional, 4451, 20, 1493068509.12, no
6ccededecee01838, intentional, 2, 18, 1493068508.21, yes
5f60b9ee05cf73cc, intentional, 8950, 15, 1493068507.0, no
b0241aa48c88bd1b, outer, 9141, 15, 1493068509.25, no
5a867fcc194cedec, full, 5, 18, 1493068507.95, yes
19dbddedf07994e2, outer, 2251, 0, 1493068509.39, no
b42f6b3c826e14ff, intentional, 108, 13, 1493068510.22, no
19dbddedf07994e2, full, 9428, 16, 1493068507.04, no
46e8a5186d238bc1, full, 4, 12, 1493068507.65, yes
19dbddedf07994e2, intentional, 504, 16, 1493068509.25, no
19dbddedf07994e2, outer, 5666, 8, 1493068507.63, no
19dbddedf07994e2, outer, 9741, 5, 1493068510.21, no
19dbddedf07994e2, outer, 6985, 8, 1493068508.0, no
19dbddedf07994e2, outer, 3509, 5, 1493068509.36, no
f84d104ad34eaf84, intentional, 4248, 2, 1493068507.7, no
19dbddedf07994e2, outer, 6104, 2, 1493068506.68, no
e3f99bfa4535678e, full, 2718, 4, 1493068510.33, no
2119fe68a204e42a, intentional, 6459, 15, 1493068508.19, no
ab363adc4024ff3c, full, 1, 8, 1493068509.18, yes
2c99b217faca51f8, intentional, 587, 19, 1493068510.32, no
7007a1f9c84cefe6, outer, 1071, 7, 1493068508.13, no
a23bfbc1788ea3a2, full, 8358, 12, 1493068510.05, no
19dbddedf07994e2, full, 3622, 10, 1493068508.56, no
d50a5784d54f4c76, outer, 204, 6, 1493068507.48, no
19dbddedf07994e2, intentional, 7388, 12, 1493068508.22, no
05342ea0a157f2f6, intentional, 6108, 15, 1493068508.11, no
19dbddedf07994e2, full, 1864, 14, 1493068507.53, no
606754cfbea75770, intentional, 1, 14, 1493068508.05, yes
19dbddedf07994e2, intentional, 1591, 13, 1493068508.73, no
2119fe68a204e42a, full, 9610, 7, 1493068508.14, no
19dbddedf07994e2, intentional, 8047, 10, 1493068509.98, no
4f61478ff21223b0, outer, 1831, 3, 1493068510.16, no
5f60b9ee05cf73cc, intentional, 8947, 10, 1493068508.72, no
19dbddedf07994e2, intentional, 110, 1, 1493068509.19, no
19dbddedf07994e2, intentional, 1419, 19, 1493068508.62, no
19dbddedf07994e2, outer, 9692, 2, 1493068510.2, no
92859eb517ad4608, intentional, 7628, 17, 1493068509.23, no
19dbddedf07994e2, outer, 7348, 1, 1493068509.0, no
19dbddedf07994e2, full, 2075, 5, 1493068508.57, no
19dbddedf07994e2, full, 7948, 20, 1493068510.23, no
7a483b4fbdf50717, intentional, 9196, 12, 1493068509.38, no
8fcaa62476ea7c26, outer, 5, 17, 1493068508.77, yes
19dbddedf07994e2, outer, 200, 10, 1493068509.16, no
19dbddedf07994e2, full, 4691, 18, 1493068507.69, no
19dbddedf07994e2, outer, 8016, 5, 1493068509.27, no
19dbddedf07994e2, outer, 1444, 3, 1493068507.7, no
ccf123e77a8b92b2, full, 4, 14, 1493068509.66, yes
19dbddedf07994e2, full, 5218, 13, 1493068509.77, no
cfae3ca2f65f0b94, outer, 2223, 9, 1493068507.74, no
cdef71d5c1475ff1, outer, 5272, 2, 1493068510.06, no
ae75dd4c2c8dc843, full, 1, 1, 1493068509.22, yes
19dbddedf07994e2, full, 1304, 4, 1493068510.37, no
19dbddedf07994e2, full, 526, 1, 1493068507.75, no
95d41a301cf5e2b3, full, 7547, 6, 1493068507.48, no
f5b1cb17dbec782a, full, 5, 19, 1493068510.29, yes
f2d5139df774f875, full, 1, 19, 1493068510.25, yes
11b4d243a5de3777, full, 1639, 9, 1493068508.66, no
19dbddedf07994e2, full, 6225, 4, 1493068506.74, no
19dbddedf07994e2, intentional, 1091, 6, 1493068506.83, no
19dbddedf07994e2, intentional, 1973, 15, 1493068508.22, no
f10ef47e05746467, full, 3007, 21, 1493068507.15, no
7efc5873e6c46721, intentional, 5, 18, 1493068508.5, yes
06f86707644f3a56, intentional, 5, 17, 1493068506.58, yes
594a2daf965aa5ca, full, 2, 3, 1493068507.92, yes
6627789108b41ca2, outer, 4, 14, 1493068508.15, yes
19dbddedf07994e2, intentional, 4540, 18, 1493068508.04, no
00fcde600f92f2a0, outer, 2, 11, 1493068506.48, yes
e55525e0b2004294, outer, 4635, 16, 1493068507.63, no
86f17ac44dc7e324, full, 3, 9, 1493068508.61, yes
19dbddedf07994e2, outer, 8345, 8, 1493068509.15, no
19dbddedf07994e2, outer, 8389, 5, 1493068510.17, no
d2f1c88c0be4a19b, outer, 4657, 5, 1493068509.01, no
344c73764f8f87f2, full, 5381, 11, 1493068508.3, no
e3f99bfa4535678e, intentional, 7960, 15, 1493068508.52, no
19dbddedf07994e2, outer, 284, 4, 1493068509.99, no
628c5feb96e74550, outer, 1, 15, 1493068508.1, yes
92859eb517ad4608, full, 7169, 17, 1493068510.4, no
f9c5041c085435cf, full, 1, 18, 1493068510.33, yes
d50a5784d54f4c76, full, 6656, 17, 1493068510.13, no
6ccededecee01838, intentional, 3982, 17, 1493068507.47, no
5f60b9ee05cf73cc, intentional, 8215, 12, 1493068508.99, no
4dacd064a3248f0e, full, 5547, 16, 1493068508.17, no
4dfaca0d49a903d7, intentional, 3, 16, 1493068507.76, yes
5f60b9ee05cf73cc, full, 6120, 16, 1493068509.69, no
2119fe68a204e42a, full, 7620, 15, 1493068508.35, no
cc9f58c126cc648e, intentional, 2693, 13, 1493068506.53, no
e9f1e39464eb6aa4, intentional, 1, 18, 1493068510.13, yes
23062825a1bc28fc, intentional, 2, 17, 1493068507.08, yes
e90bf79bebf9d078, intentional, 5978, 9, 1493068507.45, no
2119fe68a204e42a, outer, 6000, 13, 1493068510.31, no
19dbddedf07994e2, intentional, 4889, 16, 1493068506.68, no
77b66a0509916d51, outer, 6073, 7, 1493068508.11, no
6ccededecee01838, full, 3181, 13, 1493068508.5, no
5d82cb8a155dbd34, full, 5561, 17, 1493068509.97, no
19dbddedf07994e2, intentional, 6446, 17, 1493068507.61, no
2c99b217faca51f8, full, 6773, 17, 1493068508.95, no
19dbddedf07994e2, outer, 6835, 4, 1493068507.94, no
768862e11a280fd0, outer, 4491, 6, 1493068507.2, no
8ccaf453a0801482, intentional, 4785, 18, 1493068508.96, no
befac2ddbf9df4dd, full, 6251, 17, 1493068507.05, no
e94bf9e6daf555e4, intentional, 1, 14, 1493068510.12, yes
cc9f58c126cc648e, outer, 4, 13, 1493068509.65, yes
71596b62c08f2aef, intentional, 1, 16, 1493068508.28, yes
f6b5b2832db6574a, outer, 4, 20, 1493068510.3, yes
19dbddedf07994e2, intentional, 2795, 20, 1493068508.15, no
e55525e0b2004294, full, 2227, 4, 1493068508.51, no
19dbddedf07994e2, intentional, 8116, 6, 1493068508.18, no
5d3421e2ae1d7ba3, outer, 1, 16, 1493068507.98, yes
7d60c2f6cdea2895, full, 4, 2, 1493068508.47, yes
2febf2d649e0bd3a, outer, 3, 9, 1493068507.27, yes
92859eb517ad4608, full, 5076, 18, 1493068509.76, no
19dbddedf07994e2, outer, 3337, 4, 1493068508.76, no
b2855bce0b5908c6, intentional, 3, 16, 1493068509.28, yes
609a6b966c25b4d1, outer, 3901, 14, 1493068508.41, no
5d82cb8a155dbd34, intentional, 4877, 19, 1493068507.68, no
cac4664e95e21547, full, 3855, 17, 1493068508.71, no
2af874d749a75ec8, outer, 9816, 11, 1493068509.12, no
b42f6b3c826e14ff, intentional, 3556, 17, 1493068508.92, no
19dbddedf07994e2, intentional, 6507, 17, 1493068510.31, no
19dbddedf07994e2, full, 6630, 17, 1493068509.35, no
cc9f58c126cc648e, full, 6618, 5, 1493068510.24, no
bb36c89153d02b9a, full, 3, 6, 1493068509.4, yes
8a6febcf85c544d4, outer, 8446, 9, 1493068509.44, no
b0241aa48c88bd1b, full, 3278, 21, 1493068507.55, no
d50a5784d54f4c76, outer, 1, 11, 1493068509.76, yes
19dbddedf07994e2, outer, 1981, 6, 1493068509.45, no
4dacd064a3248f0e, intentional, 8135, 17, 1493068508.38, no
9b19bf2e8fb8e2f1, intentional, 9856, 19, 1493068508.47, no
19dbddedf07994e2, intentional, 8741, 17, 1493068506.62, no
19dbddedf07994e2, intentional, 1987, 20, 1493068509.02, no
19dbddedf07994e2, intentional, 5005, 0, 1493068507.6, no
d2f1c88c0be4a19b, outer, 3192, 17, 1493068506.47, no
19dbddedf07994e2, intentional, 7398, 14, 1493068507.7, no
19dbddedf07994e2, full, 6490, 13, 1493068509.96, no
0313454f0e513527, full, 1174, 13, 1493068507.83, no
19dbddedf07994e2, full, 2016, 8, 1493068506.89, no
225448dc520d9fde, outer, 3560, 11, 1493068509.03, no
19dbddedf07994e2, outer, 4, 9, 1490289220.0, no
19dbddedf07994e2, intentional, 8658, 3, 1493068507.93, no
19dbddedf07994e2, outer, 6609, 5, 1493068507.4, no
0b1a2a0acb3dbf7d, full, 8953, 10, 1493068509.85, no
2af874d749a75ec8, outer, 369, 2, 1493068510.44, no
e94bf9e6daf555e4, full, 6950, 12, 1493068508.11, no
19dbddedf07994e2, intentional, 160, 13, 1493068509.21, no
19dbddedf07994e2, intentional, 4054, 19, 1493068510.38, no
19dbddedf07994e2, full, 1777, 13, 1493068507.4, no
0313454f0e513527, outer, 173, 9, 1493068507.91, no
